{"n_parameters": 37045876, "training_time": 485.76202607154846, "loss": [0.6942024827003479, 0.06934882700443268, 0.0536440946161747, 0.046040065586566925, 0.0411209911108017, 0.0381426177918911, 0.035642754286527634, 0.03409535810351372, 0.03175346553325653, 0.029141481965780258, 0.026862598955631256, 0.02449171617627144, 0.02223494090139866, 0.02015596814453602, 0.01857047528028488, 0.01718650758266449, 0.015938369557261467, 0.015258371829986572, 0.014033165760338306, 0.01326172798871994, 0.012733847834169865, 0.012769008986651897, 0.011495893821120262, 0.01084924302995205, 0.01029665395617485, 0.010643997229635715, 0.010069574229419231, 0.00927573349326849, 0.008933928795158863, 0.008547368459403515, 0.008692042902112007, 0.005452844314277172, 0.004274613689631224, 0.0038842065259814262, 0.003613916924223304, 0.003426025388762355, 0.0032869025599211454, 0.0029433779418468475, 0.002851353259757161, 0.0028520727064460516, 0.0028098607435822487, 0.002789183519780636, 0.0028015626594424248, 0.0027803336270153522], "r2": [-1.2744807004928589, 0.7471267580986023, 0.8042819499969482, 0.832017183303833, 0.8500505089759827, 0.8607891201972961, 0.8698828816413879, 0.8756596446037292, 0.8840846419334412, 0.8936366438865662, 0.9018848538398743, 0.9106993079185486, 0.9187905788421631, 0.9264731407165527, 0.9321792721748352, 0.9373629689216614, 0.9417240619659424, 0.9444520473480225, 0.9487137794494629, 0.9515977501869202, 0.9534879922866821, 0.953379213809967, 0.9581037759780884, 0.9603220224380493, 0.9624186158180237, 0.9610677361488342, 0.9632444977760315, 0.9661092758178711, 0.9674032330513, 0.9688180685043335, 0.9682117700576782, 0.9800712466239929, 0.9843775033950806, 0.9858425259590149, 0.9868493676185608, 0.9874705076217651, 0.988021969795227, 0.9892740249633789, 0.9896074533462524, 0.9895913004875183, 0.9897571802139282, 0.9898260831832886, 0.9897748231887817, 0.9898415207862854], "val_loss": [0.09648311883211136, 0.05883103236556053, 0.04919542372226715, 0.045034199953079224, 0.03942761570215225, 0.038422130048274994, 0.03660714253783226, 0.03404631465673447, 0.032846298068761826, 0.03150775656104088, 0.02993662841618061, 0.02798929624259472, 0.02641943097114563, 0.02560652792453766, 0.024488331750035286, 0.0236576646566391, 0.02282666228711605, 0.022944405674934387, 0.021671433001756668, 0.022049518302083015, 0.021087760105729103, 0.02077466994524002, 0.020586803555488586, 0.019918454810976982, 0.019836561754345894, 0.02099485509097576, 0.020065225660800934, 0.019641276448965073, 0.019971584901213646, 0.019646519795060158, 0.01974482461810112, 0.01733281835913658, 0.01714293286204338, 0.017038904130458832, 0.017180195078253746, 0.017181117087602615, 0.017264431342482567, 0.01729413866996765, 0.017337189987301826, 0.01733270287513733, 0.01733596809208393, 0.01735842414200306, 0.01733912155032158, 0.017339758574962616], "val_r2": [0.6468248963356018, 0.7845200300216675, 0.8197034001350403, 0.8348156213760376, 0.85504549741745, 0.8589677214622498, 0.8658106923103333, 0.8748422265052795, 0.8794142007827759, 0.8844778537750244, 0.8900316953659058, 0.8971774578094482, 0.9028311967849731, 0.9064507484436035, 0.9101070761680603, 0.9131578803062439, 0.9163934588432312, 0.9158529043197632, 0.9205197691917419, 0.9188852310180664, 0.9226883053779602, 0.92396080493927, 0.924457848072052, 0.9267662167549133, 0.9271421432495117, 0.9228784441947937, 0.9266586303710938, 0.9281210899353027, 0.9265126585960388, 0.9280979037284851, 0.9278860688209534, 0.9363260269165039, 0.9370514154434204, 0.9373335838317871, 0.9370105862617493, 0.9367892146110535, 0.936684250831604, 0.9364610314369202, 0.936586856842041, 0.9365068078041077, 0.9365188479423523, 0.9362809062004089, 0.9364586472511292, 0.9364205598831177], "lr": [0.0002294331934535876, 0.0002294331934535876, 0.0002294331934535876, 0.0002294331934535876, 0.0002294331934535876, 0.0002294331934535876, 0.0002294331934535876, 0.0002294331934535876, 0.0002294331934535876, 0.0002294331934535876, 0.0002294331934535876, 0.0002294331934535876, 0.0002294331934535876, 0.0002294331934535876, 0.0002294331934535876, 0.0002294331934535876, 0.0002294331934535876, 0.0002294331934535876, 0.0002294331934535876, 0.0002294331934535876, 0.0002294331934535876, 0.0002294331934535876, 0.0002294331934535876, 0.0002294331934535876, 0.0002294331934535876, 0.0002294331934535876, 0.0002294331934535876, 0.0002294331934535876, 0.0002294331934535876, 0.0002294331934535876, 0.0002294331934535876, 2.294331898156088e-05, 2.294331898156088e-05, 2.294331898156088e-05, 2.294331898156088e-05, 2.294331898156088e-05, 2.294331898156088e-05, 2.2943318072066177e-06, 2.2943318072066177e-06, 2.2943318072066177e-06, 2.294331835628327e-07, 2.294331835628327e-07, 2.294331835628327e-07, 2.294331835628327e-08]}