{"n_parameters": 42145177, "training_time": 89.63334846496582, "loss": [0.41385340690612793, 0.25252974033355713, 0.21167077124118805, 0.19159522652626038, 0.1658725142478943, 0.15722967684268951, 0.14349785447120667, 0.14152270555496216, 0.1304081827402115, 0.12261360138654709, 0.11947847902774811, 0.11604882776737213, 0.10620853304862976, 0.10744822770357132, 0.10431873798370361, 0.09378258883953094, 0.10290002822875977], "acc": [0.8303186893463135, 0.8978848457336426, 0.9128397107124329, 0.920403242111206, 0.9296707510948181, 0.9318438172340393, 0.9368935227394104, 0.9375054836273193, 0.9410820603370667, 0.9445523619651794, 0.9455930590629578, 0.9468426704406738, 0.9505181908607483, 0.9503605961799622, 0.9515332579612732, 0.9554725885391235, 0.9525116682052612], "auroc": [0.9061797261238098, 0.9570179581642151, 0.9664268493652344, 0.9711300134658813, 0.9771832227706909, 0.9786563515663147, 0.9819027781486511, 0.9816939234733582, 0.9841955900192261, 0.9858224391937256, 0.9864087104797363, 0.9869572520256042, 0.9889894723892212, 0.9886261820793152, 0.9891564249992371, 0.9912144541740417, 0.9890645742416382], "aucpr": [0.9030399322509766, 0.9548929333686829, 0.9647703170776367, 0.9695747494697571, 0.9761923551559448, 0.9776148796081543, 0.9812114834785461, 0.9806604981422424, 0.9835179448127747, 0.9852827787399292, 0.9857869744300842, 0.986434817314148, 0.98860102891922, 0.9881228804588318, 0.9886236190795898, 0.9909237027168274, 0.9883531332015991], "val_loss": [0.2294166535139084, 0.2696933448314667, 0.14981284737586975, 0.1197197288274765, 0.17082419991493225, 0.13489001989364624, 0.27256911993026733, 0.26821252703666687, 0.13145862519741058, 0.12084145098924637, 0.25956615805625916, 0.12659241259098053, 0.14668510854244232, 0.17677879333496094, 0.21780981123447418, 0.1916695088148117, 0.1863102912902832], "val_acc": [0.9132336378097534, 0.9004514813423157, 0.9435383677482605, 0.9533013701438904, 0.9375564455986023, 0.9468397498130798, 0.9078724384307861, 0.910524845123291, 0.9504232406616211, 0.9529627561569214, 0.9103273153305054, 0.9518058896064758, 0.9460778832435608, 0.937415361404419, 0.9255925416946411, 0.9326184988021851, 0.9355530738830566], "val_auroc": [0.9675410389900208, 0.9547435641288757, 0.9857691526412964, 0.9910022616386414, 0.9816104173660278, 0.9886087775230408, 0.9580390453338623, 0.9607926607131958, 0.9891102313995361, 0.9908310770988464, 0.9628724455833435, 0.9901456236839294, 0.9869686961174011, 0.9813058376312256, 0.97292560338974, 0.9784943461418152, 0.9798486828804016], "val_aucpr": [0.9671525359153748, 0.9525120258331299, 0.9856761693954468, 0.9909422397613525, 0.981015682220459, 0.9884974956512451, 0.9530303478240967, 0.956574559211731, 0.9888788461685181, 0.9906724691390991, 0.9598070383071899, 0.989861011505127, 0.98641037940979, 0.9801185131072998, 0.9706786274909973, 0.9769753217697144, 0.97810959815979], "lr": [0.012524580582976341, 0.012524580582976341, 0.012524580582976341, 0.012524580582976341, 0.012524580582976341, 0.012524580582976341, 0.012524580582976341, 0.012524580582976341, 0.012524580582976341, 0.012524580582976341, 0.012524580582976341, 0.012524580582976341, 0.012524580582976341, 0.012524580582976341, 0.012524580582976341, 0.012524580582976341, 0.012524580582976341]}