{"n_parameters": 14262701, "training_time": 614.7641496658325, "loss": [0.28665289282798767, 0.20387865602970123, 0.1764075756072998, 0.15709178149700165, 0.1435730755329132, 0.13378144800662994, 0.12670724093914032, 0.12050546705722809, 0.11535801738500595, 0.11079543083906174, 0.10654524713754654, 0.10286934673786163, 0.09920880198478699, 0.09615327417850494, 0.0931958332657814, 0.090591199696064, 0.0880313441157341, 0.08541140705347061, 0.08333832770586014, 0.08089624345302582, 0.07912667095661163, 0.07725382596254349, 0.07540915161371231, 0.07355457544326782, 0.07185323536396027, 0.07037358731031418, 0.06875911355018616, 0.06697821617126465, 0.06579373776912689, 0.06431837379932404, 0.0630093440413475, 0.049207184463739395, 0.0439814031124115, 0.04177824407815933, 0.04010872170329094, 0.038940247148275375, 0.036363355815410614, 0.03586634621024132, 0.03562653809785843, 0.03522893041372299, 0.03517966344952583, 0.03515630587935448, 0.035145893692970276, 0.03510017320513725, 0.03507126495242119, 0.035097431391477585, 0.03508700430393219, 0.03505929186940193, 0.035114530473947525, 0.03502864018082619, 0.035125814378261566, 0.035106394439935684, 0.03507461026310921, 0.03509506210684776, 0.03504914045333862, 0.035079531371593475, 0.03511623665690422, 0.035089295357465744, 0.03505817428231239, 0.03506804257631302, 0.03508617356419563, 0.03506165370345116, 0.03511158004403114, 0.03508589044213295, 0.0350920669734478], "r2": [-0.08539904654026031, 0.6795369982719421, 0.7466814517974854, 0.79181969165802, 0.8210117220878601, 0.839130163192749, 0.8522158861160278, 0.8648377656936646, 0.8746311068534851, 0.8834275603294373, 0.8918480277061462, 0.8988398909568787, 0.9055644869804382, 0.9104884266853333, 0.915616512298584, 0.9190001487731934, 0.9233031272888184, 0.9272037148475647, 0.9301597476005554, 0.9334577918052673, 0.9359415769577026, 0.9388195276260376, 0.9411010146141052, 0.9435621500015259, 0.9458179473876953, 0.9474818110466003, 0.9497819542884827, 0.951697587966919, 0.9535601139068604, 0.9555538892745972, 0.956688404083252, 0.9675635099411011, 0.9704411625862122, 0.971413791179657, 0.9724542498588562, 0.9727888703346252, 0.974127471446991, 0.9742435216903687, 0.9743719696998596, 0.9744921922683716, 0.9745413064956665, 0.9744365215301514, 0.9744936227798462, 0.9745420217514038, 0.9745794534683228, 0.974504828453064, 0.9744760394096375, 0.9745330214500427, 0.9744681119918823, 0.9746842980384827, 0.9743850231170654, 0.9745597839355469, 0.9744113087654114, 0.9744768738746643, 0.9745990037918091, 0.9745408892631531, 0.9745334386825562, 0.9745627045631409, 0.9744222164154053, 0.9743649363517761, 0.9745686054229736, 0.9744988679885864, 0.9745169281959534, 0.9745500683784485, 0.9743449687957764], "val_loss": [0.21430249512195587, 0.1832425594329834, 0.1630505472421646, 0.14803819358348846, 0.13789528608322144, 0.13450618088245392, 0.12709814310073853, 0.12517191469669342, 0.1185123398900032, 0.11603551357984543, 0.11551474034786224, 0.11150884628295898, 0.10807813704013824, 0.10731790959835052, 0.10768765211105347, 0.10396907478570938, 0.10225057601928711, 0.10194180905818939, 0.10105668753385544, 0.09945119172334671, 0.09970906376838684, 0.09952601790428162, 0.0984557569026947, 0.09826021641492844, 0.09699315577745438, 0.09534630179405212, 0.09550213068723679, 0.09398554265499115, 0.09422608464956284, 0.09521827846765518, 0.0957680270075798, 0.08717796951532364, 0.08674789220094681, 0.08663996309041977, 0.08676555007696152, 0.08662854880094528, 0.08639799058437347, 0.0863756462931633, 0.0864357054233551, 0.08634957671165466, 0.0863570049405098, 0.0864233747124672, 0.08635497838258743, 0.08635175973176956, 0.08637040853500366, 0.08637639880180359, 0.08636029809713364, 0.08635006844997406, 0.0863514393568039, 0.08636460453271866, 0.08632447570562363, 0.08636734634637833, 0.0863313153386116, 0.08635923266410828, 0.08638990670442581, 0.0864030048251152, 0.08639279752969742, 0.08637650310993195, 0.0863817036151886, 0.08635234087705612, 0.08636919409036636, 0.0863422080874443, 0.0863741785287857, 0.0863754078745842, 0.08633431047201157], "val_r2": [0.6589311361312866, 0.7317837476730347, 0.7803928852081299, 0.8123525977134705, 0.8298018574714661, 0.8428778052330017, 0.8569539189338684, 0.8582760691642761, 0.8675779104232788, 0.8764670491218567, 0.8753777146339417, 0.8833097219467163, 0.889126718044281, 0.8944770693778992, 0.8972071409225464, 0.8987282514572144, 0.9029250741004944, 0.9054422378540039, 0.9059794545173645, 0.9083231687545776, 0.9087097644805908, 0.9094226956367493, 0.9109723567962646, 0.9107365012168884, 0.9134805798530579, 0.9164904952049255, 0.9146036505699158, 0.918039858341217, 0.9176809191703796, 0.9168627858161926, 0.9164219498634338, 0.925987720489502, 0.9265123605728149, 0.9259957671165466, 0.9265738725662231, 0.9256744980812073, 0.9265108704566956, 0.9264878034591675, 0.9263641834259033, 0.9268147945404053, 0.9268962144851685, 0.9268474578857422, 0.9267584085464478, 0.9266754388809204, 0.9265310168266296, 0.9267674684524536, 0.9265135526657104, 0.9264294505119324, 0.9264245629310608, 0.9262861609458923, 0.9264392256736755, 0.9265118837356567, 0.9262437224388123, 0.9260954856872559, 0.9265395402908325, 0.9264106154441833, 0.9265386462211609, 0.9263975620269775, 0.9262457489967346, 0.9265862107276917, 0.9267128705978394, 0.9264235496520996, 0.9267169237136841, 0.9265866875648499, 0.9261605739593506], "lr": [0.000358993886038661, 0.000358993886038661, 0.000358993886038661, 0.000358993886038661, 0.000358993886038661, 0.000358993886038661, 0.000358993886038661, 0.000358993886038661, 0.000358993886038661, 0.000358993886038661, 0.000358993886038661, 0.000358993886038661, 0.000358993886038661, 0.000358993886038661, 0.000358993886038661, 0.000358993886038661, 0.000358993886038661, 0.000358993886038661, 0.000358993886038661, 0.000358993886038661, 0.000358993886038661, 0.000358993886038661, 0.000358993886038661, 0.000358993886038661, 0.000358993886038661, 0.000358993886038661, 0.000358993886038661, 0.000358993886038661, 0.000358993886038661, 0.000358993886038661, 0.000358993886038661, 3.589938933146186e-05, 3.589938933146186e-05, 3.589938933146186e-05, 3.589938933146186e-05, 3.589938933146186e-05, 3.589938842196716e-06, 3.589938842196716e-06, 3.589938842196716e-06, 3.5899387285098783e-07, 3.5899387285098783e-07, 3.5899387285098783e-07, 3.5899387285098783e-07, 3.589938657455605e-08, 3.589938657455605e-08, 3.589938657455605e-08, 3.5899385686377627e-09, 3.5899385686377627e-09, 3.5899385686377627e-09, 3.589938624148914e-10, 3.589938624148914e-10, 3.589938624148914e-10, 3.589938762926792e-11, 3.589938762926792e-11, 3.589938762926792e-11, 3.5899386761906182e-12, 3.5899386761906182e-12, 3.5899386761906182e-12, 3.589938676190618e-13, 3.589938676190618e-13, 3.589938676190618e-13, 3.589938743953254e-14, 3.589938743953254e-14, 3.589938743953254e-14, 3.589938659249959e-15]}