{"n_parameters": 29265901, "training_time": 547.1141948699951, "loss": [0.3014858365058899, 0.1876479536294937, 0.16209523379802704, 0.1452973335981369, 0.13388016819953918, 0.1246298998594284, 0.1177467331290245, 0.11171584576368332, 0.1071750596165657, 0.10257508605718613, 0.09878543764352798, 0.0951642394065857, 0.09224406629800797, 0.0894031822681427, 0.08662228286266327, 0.0841827392578125, 0.08201074600219727, 0.07993539422750473, 0.07776113599538803, 0.07583560794591904, 0.07399272173643112, 0.07228738069534302, 0.07080480456352234, 0.06900820136070251, 0.06765642762184143, 0.06627954542636871, 0.06478628516197205, 0.06332112103700638, 0.06227361038327217, 0.060826513916254044, 0.05982465296983719, 0.058833424001932144, 0.05766621604561806, 0.05662114918231964, 0.05565278232097626, 0.05488299950957298, 0.05395723506808281, 0.052816420793533325, 0.05208055302500725, 0.05129525065422058, 0.05057916417717934, 0.049836572259664536, 0.04900621995329857, 0.048510149121284485, 0.036871492862701416, 0.03150298818945885, 0.029312871396541595, 0.0277826227247715, 0.026732085272669792, 0.025774242356419563, 0.025086186826229095, 0.02437111921608448, 0.02378973364830017, 0.023217156529426575, 0.022734709084033966, 0.021107010543346405, 0.02064592018723488, 0.020326798781752586, 0.02021668665111065, 0.02005353569984436, 0.020019305869936943, 0.019865732640028, 0.019635198637843132, 0.019565047696232796, 0.01963423192501068, 0.019521942362189293, 0.019573165103793144, 0.01945539377629757, 0.019578924402594566, 0.0194522887468338, 0.019484814256429672, 0.01950022019445896], "r2": [0.05616972967982292, 0.7501344084739685, 0.8032973408699036, 0.8372585773468018, 0.8590449690818787, 0.8751598000526428, 0.886479914188385, 0.8967502117156982, 0.9042162895202637, 0.9109944701194763, 0.9162033796310425, 0.9219107031822205, 0.9257413148880005, 0.9297440052032471, 0.9334186315536499, 0.9367545247077942, 0.9395250082015991, 0.9423102736473083, 0.9450805187225342, 0.9473204612731934, 0.9495364427566528, 0.9515784978866577, 0.953181266784668, 0.955539345741272, 0.9568427801132202, 0.9583860635757446, 0.9599042534828186, 0.9614397883415222, 0.9623785018920898, 0.9642464518547058, 0.964889645576477, 0.9661146402359009, 0.9670521020889282, 0.9679260849952698, 0.9690967798233032, 0.9694092869758606, 0.9705299735069275, 0.9714528918266296, 0.9720884561538696, 0.9727898836135864, 0.9735714197158813, 0.9741437435150146, 0.9748499989509583, 0.9752740263938904, 0.9817001223564148, 0.9840408563613892, 0.9846723675727844, 0.9852734208106995, 0.9853920340538025, 0.9858286380767822, 0.9858096241950989, 0.9863237142562866, 0.9862775206565857, 0.9865322709083557, 0.9867572784423828, 0.9870313405990601, 0.987083375453949, 0.987181544303894, 0.9871352314949036, 0.9871664643287659, 0.9872210621833801, 0.9872550964355469, 0.9873048067092896, 0.9873383045196533, 0.9870535731315613, 0.9873197674751282, 0.9872048497200012, 0.9873896837234497, 0.9870820045471191, 0.9873107671737671, 0.9872227907180786, 0.9872754812240601], "val_loss": [0.20503577589988708, 0.17631730437278748, 0.15227535367012024, 0.14166681468486786, 0.13244183361530304, 0.12854909896850586, 0.12328465282917023, 0.1202617660164833, 0.1159093901515007, 0.11104114353656769, 0.11127665638923645, 0.10953602939844131, 0.10664814710617065, 0.10635295510292053, 0.10432585328817368, 0.10238903015851974, 0.10114619880914688, 0.1011447012424469, 0.10056332498788834, 0.09893311560153961, 0.09810524433851242, 0.09854450821876526, 0.09852319955825806, 0.0965808629989624, 0.09679568558931351, 0.09640218317508698, 0.09547961503267288, 0.0951501727104187, 0.09594390541315079, 0.0939762219786644, 0.09416590631008148, 0.09462441504001617, 0.09386845678091049, 0.09300276637077332, 0.09374155849218369, 0.09333096444606781, 0.09215778112411499, 0.09269453585147858, 0.09208240360021591, 0.09342437982559204, 0.09233185648918152, 0.09214794635772705, 0.09211310744285583, 0.09204574674367905, 0.08698397874832153, 0.08654683083295822, 0.08644839376211166, 0.08635023981332779, 0.08643729984760284, 0.08638715744018555, 0.08639144152402878, 0.08659931272268295, 0.08651803433895111, 0.08655799925327301, 0.08668610453605652, 0.0865643098950386, 0.08653558045625687, 0.0864945724606514, 0.08658129721879959, 0.08647505939006805, 0.08654159307479858, 0.08650320768356323, 0.08656199276447296, 0.08650263398885727, 0.08651626110076904, 0.08653803914785385, 0.0865863785147667, 0.08650520443916321, 0.0865340456366539, 0.08649970591068268, 0.08651317656040192, 0.08652381598949432], "val_r2": [0.7128744125366211, 0.76956707239151, 0.823000967502594, 0.8410142660140991, 0.8615155220031738, 0.8675568699836731, 0.8775990009307861, 0.8831089735031128, 0.8893848061561584, 0.8981102108955383, 0.8969243168830872, 0.8992739915847778, 0.9029765129089355, 0.9056245684623718, 0.9074411392211914, 0.9099910259246826, 0.9128988981246948, 0.9134050011634827, 0.9140870571136475, 0.9150182008743286, 0.9155308604240417, 0.9158444404602051, 0.9171547293663025, 0.9186819791793823, 0.9181240797042847, 0.9183782935142517, 0.9195631146430969, 0.9203733801841736, 0.919008195400238, 0.9219285249710083, 0.9207516312599182, 0.9201021194458008, 0.92106693983078, 0.9214271306991577, 0.9210876822471619, 0.9214640855789185, 0.9228324890136719, 0.9208778738975525, 0.9223436117172241, 0.9210676550865173, 0.9221404790878296, 0.921908438205719, 0.9222593903541565, 0.9226544499397278, 0.9272527694702148, 0.9275004267692566, 0.9274707436561584, 0.9276272654533386, 0.9274675250053406, 0.9272941946983337, 0.9275112748146057, 0.927253246307373, 0.927083432674408, 0.9268383383750916, 0.9273329377174377, 0.9270579218864441, 0.927347719669342, 0.9273913502693176, 0.9271864295005798, 0.927423894405365, 0.9271740317344666, 0.9271688461303711, 0.9270080327987671, 0.9274525046348572, 0.9270737767219543, 0.9271683096885681, 0.9266443252563477, 0.9272581934928894, 0.9272871017456055, 0.9273437857627869, 0.9272793531417847, 0.926690936088562], "lr": [0.00011826239642687142, 0.00011826239642687142, 0.00011826239642687142, 0.00011826239642687142, 0.00011826239642687142, 0.00011826239642687142, 0.00011826239642687142, 0.00011826239642687142, 0.00011826239642687142, 0.00011826239642687142, 0.00011826239642687142, 0.00011826239642687142, 0.00011826239642687142, 0.00011826239642687142, 0.00011826239642687142, 0.00011826239642687142, 0.00011826239642687142, 0.00011826239642687142, 0.00011826239642687142, 0.00011826239642687142, 0.00011826239642687142, 0.00011826239642687142, 0.00011826239642687142, 0.00011826239642687142, 0.00011826239642687142, 0.00011826239642687142, 0.00011826239642687142, 0.00011826239642687142, 0.00011826239642687142, 0.00011826239642687142, 0.00011826239642687142, 0.00011826239642687142, 0.00011826239642687142, 0.00011826239642687142, 0.00011826239642687142, 0.00011826239642687142, 0.00011826239642687142, 0.00011826239642687142, 0.00011826239642687142, 0.00011826239642687142, 0.00011826239642687142, 0.00011826239642687142, 0.00011826239642687142, 0.00011826239642687142, 1.1826239642687142e-05, 1.1826239642687142e-05, 1.1826239642687142e-05, 1.1826239642687142e-05, 1.1826239642687142e-05, 1.1826239642687142e-05, 1.1826239642687142e-05, 1.1826239642687142e-05, 1.1826239642687142e-05, 1.1826239642687142e-05, 1.1826239642687142e-05, 1.182623918793979e-06, 1.182623918793979e-06, 1.182623918793979e-06, 1.182623918793979e-06, 1.182623918793979e-06, 1.182623918793979e-06, 1.182623918793979e-06, 1.1826239187939791e-07, 1.1826239187939791e-07, 1.1826239187939791e-07, 1.1826239187939791e-07, 1.1826239187939791e-07, 1.1826239187939791e-07, 1.1826239187939791e-07, 1.1826239543211159e-08, 1.1826239543211159e-08, 1.1826239543211159e-08]}