{"n_parameters": 25518401, "training_time": 292.5616910457611, "loss": [0.31962862610816956, 0.16845577955245972, 0.14853402972221375, 0.13554419577121735, 0.12656833231449127, 0.11968928575515747, 0.11371149122714996, 0.10900663584470749, 0.10463403910398483, 0.10076046735048294, 0.09718001633882523, 0.09369996190071106, 0.09127790480852127, 0.08783359080553055, 0.08505691587924957, 0.08232039958238602, 0.07982122898101807, 0.07773493975400925, 0.07519679516553879, 0.07306719571352005, 0.0710512176156044, 0.06905218213796616, 0.0672173872590065, 0.05201631411910057, 0.044513825327157974, 0.04132884740829468, 0.039214834570884705, 0.03730536997318268, 0.036020342260599136, 0.0345371812582016, 0.03343336284160614, 0.032350972294807434, 0.03145689517259598, 0.028751766309142113, 0.02791360393166542, 0.02752465382218361, 0.027034446597099304, 0.026943538337945938, 0.02693578228354454, 0.02683424763381481, 0.026801858097314835, 0.026824308559298515, 0.02683642879128456], "r2": [-1.1369233131408691, 0.7896956205368042, 0.8309612274169922, 0.8563022613525391, 0.8739142417907715, 0.8857091069221497, 0.8952237963676453, 0.9027908444404602, 0.9093626737594604, 0.9150601625442505, 0.9201151728630066, 0.9253191947937012, 0.9286624789237976, 0.9334610104560852, 0.9368233680725098, 0.9403083324432373, 0.943611204624176, 0.9463471174240112, 0.9493677616119385, 0.9516946077346802, 0.9543480277061462, 0.9564579129219055, 0.9583367705345154, 0.9705039262771606, 0.9754790663719177, 0.97705078125, 0.9780681729316711, 0.9792836904525757, 0.9795278310775757, 0.980553925037384, 0.9809072613716125, 0.9815052151679993, 0.9818747639656067, 0.9827671647071838, 0.9831031560897827, 0.9830381870269775, 0.9831414222717285, 0.9832319021224976, 0.9831632375717163, 0.9832148551940918, 0.9833252429962158, 0.9832039475440979, 0.9831748604774475], "val_loss": [0.1813548505306244, 0.1649218499660492, 0.14634916186332703, 0.13579168915748596, 0.129593625664711, 0.12720078229904175, 0.11845502257347107, 0.11661013960838318, 0.11390833556652069, 0.11049608886241913, 0.1082720011472702, 0.10677223652601242, 0.10412230342626572, 0.10515981167554855, 0.10063913464546204, 0.09945760667324066, 0.09750659763813019, 0.0983029156923294, 0.0961146280169487, 0.09443990141153336, 0.09423878788948059, 0.09505407512187958, 0.09383077919483185, 0.08327335864305496, 0.0823814794421196, 0.08197279274463654, 0.08172307908535004, 0.08159593492746353, 0.08160483837127686, 0.08158460259437561, 0.08161333203315735, 0.08158392459154129, 0.08172384649515152, 0.08135464042425156, 0.08135637640953064, 0.08134116232395172, 0.08137957006692886, 0.08133015781641006, 0.08138956874608994, 0.08134470134973526, 0.08134376257658005, 0.08137400448322296, 0.0813269391655922], "val_r2": [0.7622474431991577, 0.8003496527671814, 0.833187460899353, 0.8580707907676697, 0.8661196231842041, 0.8746797442436218, 0.8865809440612793, 0.8891822695732117, 0.8923333287239075, 0.9012695550918579, 0.9009571075439453, 0.9035187363624573, 0.909663736820221, 0.9093422293663025, 0.9140073657035828, 0.915389358997345, 0.9181739091873169, 0.9165763854980469, 0.9200151562690735, 0.9220313429832458, 0.920443594455719, 0.9204613566398621, 0.9213157892227173, 0.9332721829414368, 0.9343389272689819, 0.934753954410553, 0.9351680874824524, 0.9351716637611389, 0.9350229501724243, 0.935368001461029, 0.9351301193237305, 0.9347823858261108, 0.934547483921051, 0.9351343512535095, 0.934960663318634, 0.9350252151489258, 0.9348517656326294, 0.934699535369873, 0.9349040389060974, 0.9348611831665039, 0.9348968267440796, 0.934831976890564, 0.9349543452262878], "lr": [0.0001293380046263337, 0.0001293380046263337, 0.0001293380046263337, 0.0001293380046263337, 0.0001293380046263337, 0.0001293380046263337, 0.0001293380046263337, 0.0001293380046263337, 0.0001293380046263337, 0.0001293380046263337, 0.0001293380046263337, 0.0001293380046263337, 0.0001293380046263337, 0.0001293380046263337, 0.0001293380046263337, 0.0001293380046263337, 0.0001293380046263337, 0.0001293380046263337, 0.0001293380046263337, 0.0001293380046263337, 0.0001293380046263337, 0.0001293380046263337, 0.0001293380046263337, 1.2933800462633371e-05, 1.2933800462633371e-05, 1.2933800462633371e-05, 1.2933800462633371e-05, 1.2933800462633371e-05, 1.2933800462633371e-05, 1.2933800462633371e-05, 1.2933800462633371e-05, 1.2933800462633371e-05, 1.2933800462633371e-05, 1.2933800235259696e-06, 1.2933800235259696e-06, 1.2933800235259696e-06, 1.293380051947679e-07, 1.293380051947679e-07, 1.293380051947679e-07, 1.2933800697112474e-08, 1.2933800697112474e-08, 1.2933800697112474e-08, 1.2933800697112474e-09]}