{"n_parameters": 15328476, "training_time": 724.2458262443542, "loss": [0.24610814452171326, 0.06667247414588928, 0.05380883812904358, 0.04443865641951561, 0.03670671954751015, 0.03231041133403778, 0.02880443073809147, 0.0269897673279047, 0.024980491027235985, 0.02337922714650631, 0.023551905527710915, 0.020635442808270454, 0.02012660726904869, 0.01870696246623993, 0.01880747266113758, 0.01700814813375473, 0.01667354442179203, 0.016366021707654, 0.01576024852693081, 0.015020860359072685, 0.014490255154669285, 0.009443383663892746, 0.007956585846841335, 0.007407681550830603, 0.0070491973310709, 0.006782060023397207, 0.006555408239364624, 0.0063498904928565025, 0.006189822684973478, 0.0060102748684585094, 0.005898487754166126, 0.005741958972066641, 0.005644368473440409, 0.005147750023752451, 0.005075570195913315, 0.00507230032235384, 0.0050371005199849606, 0.005013969726860523], "r2": [0.05833258479833603, 0.7411433458328247, 0.7906095385551453, 0.8266045451164246, 0.8564959764480591, 0.8737192153930664, 0.8870406746864319, 0.8940320014953613, 0.9026333689689636, 0.9087809920310974, 0.9076728224754333, 0.9192124605178833, 0.921704888343811, 0.9266132712364197, 0.9262711405754089, 0.9330862760543823, 0.934542715549469, 0.9354983568191528, 0.9384948015213013, 0.9411857724189758, 0.9431442618370056, 0.9628103375434875, 0.968774139881134, 0.9708527326583862, 0.9723055362701416, 0.9733597040176392, 0.9742342829704285, 0.975048303604126, 0.9756823778152466, 0.9763969779014587, 0.9767671823501587, 0.977357804775238, 0.9779096841812134, 0.9797633290290833, 0.9800505042076111, 0.9800596833229065, 0.9800464510917664, 0.9803432822227478], "val_loss": [0.07540374994277954, 0.05807753652334213, 0.04690074920654297, 0.03803030401468277, 0.036407340317964554, 0.034697532653808594, 0.03036084957420826, 0.03055362030863762, 0.03160104528069496, 0.026890235021710396, 0.027297139167785645, 0.026724305003881454, 0.02886071242392063, 0.025357017293572426, 0.025114500895142555, 0.02460094727575779, 0.025093810632824898, 0.025956926867365837, 0.027791080996394157, 0.02531699649989605, 0.03270016610622406, 0.02214169315993786, 0.021237339824438095, 0.021277092397212982, 0.020624304190278053, 0.020793503150343895, 0.020841805264353752, 0.02022349275648594, 0.020713964477181435, 0.02074417844414711, 0.020597903057932854, 0.020724719390273094, 0.0207824669778347, 0.02062823623418808, 0.020560793578624725, 0.020613498985767365, 0.020624663680791855, 0.0207014512270689], "val_r2": [0.7051191926002502, 0.7704041004180908, 0.8151617646217346, 0.851550817489624, 0.8538371920585632, 0.8644968271255493, 0.8813132643699646, 0.8799724578857422, 0.877809464931488, 0.8946006298065186, 0.8924909830093384, 0.8947762846946716, 0.885747492313385, 0.9011470079421997, 0.9011152386665344, 0.9030818343162537, 0.9015828371047974, 0.8949310779571533, 0.8929120898246765, 0.8986993432044983, 0.8686216473579407, 0.9131389856338501, 0.9166206121444702, 0.9149138927459717, 0.9167553186416626, 0.9180794954299927, 0.9164102077484131, 0.9201589226722717, 0.9177525639533997, 0.9189323782920837, 0.9193055033683777, 0.9181801080703735, 0.9176174998283386, 0.917863130569458, 0.919216513633728, 0.9188156127929688, 0.9191922545433044, 0.9181394577026367], "lr": [0.0010000000474974513, 0.0010000000474974513, 0.0010000000474974513, 0.0010000000474974513, 0.0010000000474974513, 0.0010000000474974513, 0.0010000000474974513, 0.0010000000474974513, 0.0010000000474974513, 0.0010000000474974513, 0.0010000000474974513, 0.0010000000474974513, 0.0010000000474974513, 0.0010000000474974513, 0.0010000000474974513, 0.0010000000474974513, 0.0010000000474974513, 0.0010000000474974513, 0.0010000000474974513, 0.0010000000474974513, 0.0010000000474974513, 0.00010000000474974513, 0.00010000000474974513, 0.00010000000474974513, 0.00010000000474974513, 0.00010000000474974513, 0.00010000000474974513, 0.00010000000474974513, 0.00010000000474974513, 0.00010000000474974513, 0.00010000000474974513, 0.00010000000474974513, 0.00010000000474974513, 1.0000000656873453e-05, 1.0000000656873453e-05, 1.0000000656873453e-05, 1.0000000656873453e-05, 1.0000000656873453e-05]}