{"n_parameters": 37688176, "training_time": 569.8964099884033, "loss": [0.08634321391582489, 0.025862038135528564, 0.022872811183333397, 0.020120643079280853, 0.01747775264084339, 0.015510788187384605, 0.014080141671001911, 0.013410105369985104, 0.012373734265565872, 0.011222254484891891, 0.010338548570871353, 0.009630724787712097, 0.00861453264951706, 0.008144928142428398, 0.0074178860522806644, 0.007058190181851387, 0.006432955618947744, 0.005952867213636637, 0.00555341225117445, 0.0053908429108560085, 0.00486201886087656, 0.004528231918811798, 0.004466869402676821, 0.004038290586322546, 0.004019531421363354, 0.003641946939751506, 0.003948978614062071, 0.003500305814668536, 0.003306018654257059, 0.0029782592318952084, 0.0030076487455517054, 0.002892623655498028, 0.00291188876144588, 0.002787561621516943, 0.0017262340988963842, 0.0013486513635143638, 0.0012242700904607773, 0.0011477356310933828, 0.001069599878974259, 0.0009668417042121291, 0.0009578678291290998, 0.0009467643685638905, 0.0009398316615261137, 0.000925387314055115, 0.0009486316703259945, 0.0009239607607014477, 0.0009416311513632536, 0.0009286094573326409, 0.0009331220644526184, 0.0009275455959141254], "r2": [-3.5592870712280273, 0.8105186820030212, 0.8323111534118652, 0.8523662090301514, 0.8720933198928833, 0.8864407539367676, 0.896794855594635, 0.9018123745918274, 0.9094508290290833, 0.9179409146308899, 0.9243310689926147, 0.9296671152114868, 0.9369714260101318, 0.9403989911079407, 0.945652425289154, 0.9483625292778015, 0.9528852701187134, 0.9565370082855225, 0.9593376517295837, 0.9605931639671326, 0.9644749164581299, 0.9668819308280945, 0.9673397541046143, 0.9704147577285767, 0.9706014394760132, 0.9733527898788452, 0.9710807204246521, 0.9743961691856384, 0.97581946849823, 0.9782608151435852, 0.9779795408248901, 0.9788408279418945, 0.97871333360672, 0.9796139597892761, 0.9874018430709839, 0.9901551604270935, 0.9910614490509033, 0.9916053414344788, 0.9921764731407166, 0.9929283261299133, 0.9930266737937927, 0.9930862784385681, 0.993129551410675, 0.993224024772644, 0.99305260181427, 0.993274986743927, 0.9930993914604187, 0.9932451844215393, 0.9932011961936951, 0.9932559728622437], "val_loss": [0.0388481579720974, 0.04204757139086723, 0.02120540849864483, 0.01996835134923458, 0.017573563382029533, 0.01650877296924591, 0.015046481974422932, 0.017115652561187744, 0.013890784233808517, 0.01404001284390688, 0.013169308193027973, 0.012093652971088886, 0.011760144494473934, 0.011816364713013172, 0.010832661762833595, 0.011284071020781994, 0.0108606843277812, 0.010205707512795925, 0.010601114481687546, 0.010279775597155094, 0.009971316903829575, 0.010006152093410492, 0.009824424982070923, 0.009710446000099182, 0.009721481241285801, 0.009691278450191021, 0.009969444945454597, 0.009568745270371437, 0.009397942572832108, 0.009751159697771072, 0.00951324962079525, 0.0095762824639678, 0.009614653885364532, 0.009465446695685387, 0.0086270272731781, 0.008546962402760983, 0.008649352937936783, 0.008606845512986183, 0.008651511743664742, 0.008647891692817211, 0.008655340410768986, 0.008679076097905636, 0.008673155680298805, 0.008671102114021778, 0.008675722405314445, 0.008671331219375134, 0.008670665323734283, 0.008670841343700886, 0.008675266057252884, 0.008672804571688175], "val_r2": [0.7134889364242554, 0.690285325050354, 0.8440536260604858, 0.8530921339988708, 0.8702115416526794, 0.8784753084182739, 0.8894372582435608, 0.8736407160758972, 0.8971107006072998, 0.8962656259536743, 0.9029456973075867, 0.9110857248306274, 0.9131952524185181, 0.9134002327919006, 0.9202539324760437, 0.9166357517242432, 0.9200470447540283, 0.9250004291534424, 0.9220018982887268, 0.9241052865982056, 0.926669716835022, 0.9265702962875366, 0.9276689887046814, 0.9283515810966492, 0.9281511306762695, 0.9288850426673889, 0.9267731308937073, 0.9296737313270569, 0.9300448894500732, 0.9269570708274841, 0.9301504492759705, 0.9293993711471558, 0.9288882613182068, 0.9298312664031982, 0.9363939166069031, 0.9369673728942871, 0.9362468123435974, 0.936412513256073, 0.9362102150917053, 0.9362396597862244, 0.9361389875411987, 0.935941219329834, 0.9360611438751221, 0.9360119104385376, 0.9360023140907288, 0.9360017776489258, 0.9360732436180115, 0.9358572363853455, 0.9356857538223267, 0.9358310699462891], "lr": [0.0003280359087511897, 0.0003280359087511897, 0.0003280359087511897, 0.0003280359087511897, 0.0003280359087511897, 0.0003280359087511897, 0.0003280359087511897, 0.0003280359087511897, 0.0003280359087511897, 0.0003280359087511897, 0.0003280359087511897, 0.0003280359087511897, 0.0003280359087511897, 0.0003280359087511897, 0.0003280359087511897, 0.0003280359087511897, 0.0003280359087511897, 0.0003280359087511897, 0.0003280359087511897, 0.0003280359087511897, 0.0003280359087511897, 0.0003280359087511897, 0.0003280359087511897, 0.0003280359087511897, 0.0003280359087511897, 0.0003280359087511897, 0.0003280359087511897, 0.0003280359087511897, 0.0003280359087511897, 0.0003280359087511897, 0.0003280359087511897, 0.0003280359087511897, 0.0003280359087511897, 0.0003280359087511897, 3.280358941992745e-05, 3.280358941992745e-05, 3.280358941992745e-05, 3.280358941992745e-05, 3.280358941992745e-05, 3.2803588965180097e-06, 3.2803588965180097e-06, 3.2803588965180097e-06, 3.2803589533614286e-07, 3.2803589533614286e-07, 3.2803589533614286e-07, 3.280359095469976e-08, 3.280359095469976e-08, 3.280359095469976e-08, 3.2803590954699757e-09, 3.2803590954699757e-09]}