{"0":{"arch_seq":"[18, 1, 81, 0, 0, 119, 1, 0, 1, 364, 0, 142, 0, 0, 321, 1, 1, 0]","objective":0.9932460189,"elapsed_sec":8919.9321203232}}