{"n_parameters": 46561102, "training_time": 252.39061164855957, "loss": [1.0357552766799927, 0.27871304750442505, 0.23137159645557404, 0.20994429290294647, 0.1814488023519516, 0.1728450059890747, 0.16078384220600128, 0.15439307689666748, 0.14232710003852844, 0.13939043879508972, 0.13316170871257782, 0.11987810581922531, 0.11418689787387848, 0.11957810074090958, 0.1106811985373497, 0.10710041224956512, 0.10268092155456543, 0.0978928953409195, 0.0979408323764801, 0.08958069235086441, 0.09133870899677277, 0.08890193700790405, 0.08656717836856842, 0.08398377150297165, 0.08390999585390091, 0.08040101826190948, 0.08130592852830887, 0.07221265137195587, 0.07248684018850327, 0.07480546087026596, 0.0672607570886612, 0.06735307723283768, 0.06855397671461105, 0.06465531140565872, 0.06710679829120636, 0.06018412485718727, 0.0643223226070404, 0.06444747745990753, 0.055484943091869354, 0.05522766336798668, 0.04685384780168533, 0.046899400651454926, 0.046496644616127014, 0.04635591432452202, 0.04607280716300011, 0.04584728553891182, 0.04565694183111191, 0.045360974967479706, 0.04544885829091072], "acc": [0.8129435181617737, 0.8944728374481201, 0.9100251793861389, 0.914631187915802, 0.9247175455093384, 0.9268046021461487, 0.9296221733093262, 0.9314429759979248, 0.9359121918678284, 0.9363511800765991, 0.9381936192512512, 0.9436523914337158, 0.945174515247345, 0.9438467025756836, 0.947121262550354, 0.9486613869667053, 0.9499136209487915, 0.9520295262336731, 0.9521770477294922, 0.9563404321670532, 0.9546851515769958, 0.9558078646659851, 0.9573443531990051, 0.9583519101142883, 0.9581612348556519, 0.959902822971344, 0.9592803120613098, 0.9642965197563171, 0.9633321166038513, 0.9630406498908997, 0.9663332104682922, 0.965840220451355, 0.9656386971473694, 0.9680280685424805, 0.9659481644630432, 0.9699820280075073, 0.967819333076477, 0.9673119783401489, 0.9725944399833679, 0.9687369465827942, 0.9760093688964844, 0.9760993123054504, 0.9762288331985474, 0.9762936234474182, 0.976300835609436, 0.9765563011169434, 0.9766318798065186, 0.9767650365829468, 0.9767866134643555], "auroc": [0.8450971245765686, 0.9526941180229187, 0.9642124772071838, 0.9683810472488403, 0.9748793244361877, 0.9768053889274597, 0.9790374040603638, 0.9802184104919434, 0.9829685091972351, 0.983720064163208, 0.9846065640449524, 0.987446665763855, 0.9883967638015747, 0.9873301386833191, 0.9887949228286743, 0.9894717335700989, 0.9903199076652527, 0.9911221265792847, 0.9909585118293762, 0.9926993250846863, 0.9917675256729126, 0.9921807050704956, 0.9929322600364685, 0.9930678009986877, 0.9930422902107239, 0.9937654733657837, 0.9933165311813354, 0.994907557964325, 0.9945029616355896, 0.994502067565918, 0.9954048991203308, 0.9952533841133118, 0.9950643181800842, 0.9956041574478149, 0.9951925873756409, 0.9962993860244751, 0.9955129027366638, 0.9955284595489502, 0.9967446327209473, 0.9958485960960388, 0.9977017045021057, 0.9976911544799805, 0.9977341294288635, 0.9977245926856995, 0.9977143406867981, 0.9977536201477051, 0.9977613091468811, 0.9977797269821167, 0.9977608323097229], "aucpr": [0.7890315651893616, 0.9499990940093994, 0.9628572463989258, 0.9675502777099609, 0.9746434092521667, 0.976521372795105, 0.9790488481521606, 0.9800799489021301, 0.9830130934715271, 0.9836539030075073, 0.9845107197761536, 0.987476110458374, 0.988440215587616, 0.9872360229492188, 0.9887007474899292, 0.9893195629119873, 0.9902507662773132, 0.9910287857055664, 0.9907843470573425, 0.9926036596298218, 0.9915143251419067, 0.99191814661026, 0.9927626848220825, 0.992820143699646, 0.9927875399589539, 0.993560254573822, 0.9930346608161926, 0.994716227054596, 0.9942389130592346, 0.9942652583122253, 0.9952056407928467, 0.9949979186058044, 0.994777500629425, 0.995328426361084, 0.994899570941925, 0.9961080551147461, 0.9952057600021362, 0.9952327013015747, 0.9965375065803528, 0.9955446124076843, 0.9976028800010681, 0.9975841045379639, 0.9976345896720886, 0.9976211786270142, 0.9976000785827637, 0.9976466298103333, 0.997650146484375, 0.9976738691329956, 0.9976428747177124], "val_loss": [0.2629461884498596, 0.2896133065223694, 0.3615097999572754, 0.32389596104621887, 0.18950925767421722, 0.2896360456943512, 0.16163502633571625, 0.12784065306186676, 0.12361839413642883, 0.1516513228416443, 0.15328681468963623, 0.13914057612419128, 0.09953149408102036, 0.1900152713060379, 0.14020507037639618, 0.14926132559776306, 0.10756577551364899, 0.11462952196598053, 0.10574539750814438, 0.3407459259033203, 0.16329163312911987, 0.08774895966053009, 0.16382485628128052, 0.1494498997926712, 0.0969213917851448, 0.17071333527565002, 0.08831556141376495, 0.20595243573188782, 0.08027280867099762, 0.14260755479335785, 0.1531386822462082, 0.09017491340637207, 0.08363377302885056, 0.15276028215885162, 0.08638904243707657, 0.19167891144752502, 0.14761100709438324, 0.08969030529260635, 0.22023122012615204, 0.0964638814330101, 0.09402743726968765, 0.09551125764846802, 0.09525765478610992, 0.09585735946893692, 0.09478907287120819, 0.09619343280792236, 0.09546196460723877, 0.09535666555166245, 0.09588602930307388], "val_acc": [0.9096473455429077, 0.8930982351303101, 0.8593702912330627, 0.8744584321975708, 0.9283627271652222, 0.8912846446037292, 0.9387153387069702, 0.9502770900726318, 0.9520151019096375, 0.9424181580543518, 0.9406549334526062, 0.9461460709571838, 0.9597985148429871, 0.9291183948516846, 0.9469017386436462, 0.9443073272705078, 0.9578841328620911, 0.9553148746490479, 0.9589420557022095, 0.8922922015190125, 0.9412846565246582, 0.9652644991874695, 0.9413350224494934, 0.9460453391075134, 0.9626448154449463, 0.9397228956222534, 0.9648110866546631, 0.9316624402999878, 0.9692443609237671, 0.949042797088623, 0.9475818872451782, 0.9662720561027527, 0.9681863784790039, 0.9475818872451782, 0.9675818681716919, 0.9375063180923462, 0.9484886527061462, 0.9671284556388855, 0.9315617084503174, 0.9645339846611023, 0.9655667543411255, 0.9649622440338135, 0.9652392864227295, 0.9654408097267151, 0.9659193754196167, 0.9654155969619751, 0.9656171202659607, 0.9655415415763855, 0.9651133418083191], "val_auroc": [0.9651594161987305, 0.9485052824020386, 0.9214079976081848, 0.9367443323135376, 0.9773909449577332, 0.949464738368988, 0.9836667776107788, 0.9899064302444458, 0.9906077980995178, 0.9856901168823242, 0.9857161045074463, 0.9881545305252075, 0.994019627571106, 0.9790761470794678, 0.9883625507354736, 0.9870491623878479, 0.9930959343910217, 0.9922637939453125, 0.9932870268821716, 0.9499087333679199, 0.985291063785553, 0.99527508020401, 0.9854792356491089, 0.9876791834831238, 0.9943178296089172, 0.9844138622283936, 0.9953412413597107, 0.9790353775024414, 0.9958144426345825, 0.9889487624168396, 0.9874602556228638, 0.9951560497283936, 0.995675802230835, 0.987444281578064, 0.9954155683517456, 0.9820628762245178, 0.9881571531295776, 0.9950896501541138, 0.9777766466140747, 0.9944959878921509, 0.9947500824928284, 0.9946424961090088, 0.9945303797721863, 0.994505763053894, 0.9944273829460144, 0.9942946434020996, 0.9945007562637329, 0.9945036768913269, 0.9945164322853088],