{"n_parameters": 33865627, "training_time": 150.35288548469543, "loss": [0.6328655481338501, 0.2052495926618576, 0.1639849990606308, 0.13996124267578125, 0.1217295452952385, 0.11205590516328812, 0.09894207864999771, 0.0918457880616188, 0.08500215411186218, 0.0785607248544693, 0.07372654229402542, 0.0708916112780571, 0.06805510073900223, 0.06340186297893524, 0.059518516063690186, 0.05566434934735298, 0.045661479234695435, 0.04434137046337128, 0.043999094516038895, 0.04336642473936081, 0.04306180402636528, 0.04256368800997734, 0.04234398156404495, 0.04247783124446869, 0.04229714721441269, 0.04227377474308014, 0.04225827008485794, 0.042217057198286057, 0.04215424507856369], "acc": [0.8620863556861877, 0.9171812534332275, 0.9294020533561707, 0.9371462464332581, 0.9429129958152771, 0.9464377760887146, 0.9517598152160645, 0.9550456404685974, 0.957861065864563, 0.9609888195991516, 0.9631941318511963, 0.9649105668067932, 0.9660646319389343, 0.9685896635055542, 0.9704163670539856, 0.9721474647521973, 0.9770137667655945, 0.9776679873466492, 0.9777709245681763, 0.9780024886131287, 0.978230357170105, 0.9782744646072388, 0.9785832166671753, 0.9784398674964905, 0.9787302017211914, 0.9786273241043091, 0.9786567091941833, 0.9786640405654907, 0.9787522554397583], "auroc": [0.914523720741272, 0.9692746996879578, 0.9784976840019226, 0.9833230972290039, 0.9868193864822388, 0.9883970618247986, 0.9908105731010437, 0.9918179512023926, 0.9928675293922424, 0.9939186573028564, 0.9944987297058105, 0.9946978688240051, 0.9950401782989502, 0.9956138134002686, 0.9960273504257202, 0.9965108036994934, 0.9978445172309875, 0.9978485107421875, 0.997911274433136, 0.9979423880577087, 0.9979552030563354, 0.9979516863822937, 0.9980148673057556, 0.9980130195617676, 0.9980354309082031, 0.9980262517929077, 0.9980438351631165, 0.9980286955833435, 0.9980603456497192], "aucpr": [0.8963249325752258, 0.9682430028915405, 0.9782760143280029, 0.9831701517105103, 0.9867169857025146, 0.9882080554962158, 0.9906917810440063, 0.9915748834609985, 0.9926515817642212, 0.9937478303909302, 0.9942944049835205, 0.9943963885307312, 0.9947284460067749, 0.995328426361084, 0.995739758014679, 0.9962635636329651, 0.9977707266807556, 0.9977518320083618, 0.9978232383728027, 0.9978525638580322, 0.9978576898574829, 0.997851550579071, 0.9979206323623657, 0.9979244470596313, 0.9979460835456848, 0.9979345202445984, 0.9979559779167175, 0.99793541431427, 0.9979764223098755], "val_loss": [0.21013370156288147, 0.1767895370721817, 0.1555919647216797, 0.2053225189447403, 0.1369260549545288, 0.17207051813602448, 0.0999748557806015, 0.11847826093435287, 0.10069409757852554, 0.1078714057803154, 0.0890624150633812, 0.11485099792480469, 0.09362509101629257, 0.10750441998243332, 0.109939344227314, 0.08607097715139389, 0.09691575914621353, 0.094087153673172, 0.09727364778518677, 0.09538677334785461, 0.0963071882724762, 0.09372952580451965, 0.09481067955493927, 0.09347303211688995, 0.09376001358032227, 0.09506716579198837, 0.09443140029907227, 0.09421186149120331, 0.09464029967784882], "val_acc": [0.9200101494789124, 0.9331487417221069, 0.9400994777679443, 0.9257176518440247, 0.9473044872283936, 0.9361437559127808, 0.9612341523170471, 0.9556114673614502, 0.9613754749298096, 0.9591150283813477, 0.9664896130561829, 0.9585217237472534, 0.9644269943237305, 0.9620253443717957, 0.9597366452217102, 0.9684392213821411, 0.9652463793754578, 0.9660940170288086, 0.9651333689689636, 0.9660657644271851, 0.9660940170288086, 0.9664896130561829, 0.9662070274353027, 0.9665743708610535, 0.9664896130561829, 0.9658679962158203, 0.9661787748336792, 0.9664048552513123, 0.9660657644271851], "val_auroc": [0.9725362062454224, 0.9800898432731628, 0.9849724769592285, 0.9750174283981323, 0.9885011315345764, 0.9827085137367249, 0.9939004778862, 0.9914277791976929, 0.9937704205513, 0.9930920004844666, 0.9949779510498047, 0.9922016859054565, 0.9946144819259644, 0.993124783039093, 0.9931650161743164, 0.9951794743537903, 0.9942796230316162, 0.9943844676017761, 0.9942121505737305, 0.9942984580993652, 0.9942783713340759, 0.994400680065155, 0.9943470358848572, 0.9944278597831726, 0.9943451881408691, 0.99430251121521, 0.9943799376487732, 0.9943596124649048, 0.994341254234314], "val_aucpr": [0.9720911383628845, 0.9798015356063843, 0.98490309715271, 0.9734995365142822, 0.9882780909538269, 0.9818423986434937, 0.9937417507171631, 0.9909309148788452, 0.9934152960777283, 0.9926834106445312, 0.9946343302726746, 0.9915207624435425, 0.9941526055335999, 0.992388129234314, 0.9925423860549927, 0.9945986866950989, 0.9936190843582153, 0.9936678409576416, 0.9935210943222046, 0.9935848712921143, 0.9935668706893921, 0.9936753511428833, 0.9936230182647705, 0.9937018752098083, 0.993588387966156, 0.9935586452484131, 0.9936556220054626, 0.9936250448226929, 0.9936070442199707], "lr": [0.007801807019859552, 0.007801807019859552, 0.007801807019859552, 0.007801807019859552, 0.007801807019859552, 0.007801807019859552, 0.007801807019859552, 0.007801807019859552, 0.007801807019859552, 0.007801807019859552, 0.007801807019859552, 0.007801807019859552, 0.007801807019859552, 0.007801807019859552, 0.007801807019859552, 0.007801807019859552, 0.0007801806787028909, 0.0007801806787028909, 0.0007801806787028909, 0.0007801806787028909, 0.0007801806787028909, 7.801807078067213e-05, 7.801807078067213e-05, 7.801807078067213e-05, 7.801807078067213e-05, 7.801807078067213e-05, 7.801807441865094e-06, 7.801807441865094e-06, 7.801807441865094e-06]}