{"n_parameters": 13932677, "training_time": 526.224771976471, "loss": [0.8803760409355164, 0.594309389591217, 0.7495712637901306, 0.683708667755127, 1.2719215154647827, 0.6735255122184753, 0.7397404313087463, 0.6934424042701721, 0.6933704614639282, 0.6934774518013, 0.6933584809303284, 0.6931955218315125], "acc": [0.8461770415306091, 0.8980090618133545, 0.9029844999313354, 0.9083791971206665, 0.6984731554985046, 0.8125993013381958, 0.571652889251709, 0.49723464250564575, 0.5785883665084839, 0.5828577280044556, 0.5235312581062317, 0.561312198638916], "auroc": [0.8882863521575928, 0.9239668846130371, 0.924706220626831, 0.9234766960144043, 0.7587645053863525, 0.8787067532539368, 0.6140251755714417, 0.5037400126457214, 0.5689374804496765, 0.570941150188446, 0.5125144720077515, 0.5679981112480164], "aucpr": [0.8683872222900391, 0.90370112657547, 0.8921729326248169, 0.8924140930175781, 0.7388155460357666, 0.8455922603607178, 0.6070418357849121, 0.5118421316146851, 0.5419130325317383, 0.5301031470298767, 0.49454230070114136, 0.5380823016166687], "val_loss": [0.3389962613582611, 0.22872571647167206, 1.2774971723556519, 0.5059310793876648, 0.6681181788444519, 1.1990330219268799, 0.665166437625885, 0.6603959798812866, 0.6881515383720398, 0.7032387256622314, 0.683059811592102, 0.7144955396652222], "val_acc": [0.9063087701797485, 0.9331784844398499, 0.7923330068588257, 0.9314146041870117, 0.9632819890975952, 0.8862299919128418, 0.9628410339355469, 0.9628410339355469, 0.9627822041511536, 0.03715898469090462, 0.9628115892410278, 0.03715898469090462], "val_auroc": [0.932502269744873, 0.9715091586112976, 0.7715111970901489, 0.8905102014541626, 0.959598958492279, 0.8101726174354553, 0.9628410339355469, 0.9628410339355469, 0.9627822041511536, 0.03715897351503372, 0.9628115892410278, 0.03715897351503372], "val_aucpr": [0.9120222330093384, 0.9672402143478394, 0.692840576171875, 0.8189743161201477, 0.9372358918190002, 0.7210538983345032, 0.9522860646247864, 0.9522860646247864, 0.952211856842041, 0.3106521964073181, 0.9522489905357361, 0.3106521964073181], "lr": [0.0010000000474974513, 0.0010000000474974513, 0.0010000000474974513, 0.0010000000474974513, 0.0010000000474974513, 0.0010000000474974513, 0.0010000000474974513, 0.00010000000474974513, 0.00010000000474974513, 0.00010000000474974513, 0.00010000000474974513, 0.00010000000474974513]}