{"n_parameters": 40152627, "training_time": 307.5432879924774, "loss": [0.4589596390724182, 0.215749591588974, 0.1791919767856598, 0.1560702621936798, 0.13914954662322998, 0.12750600278377533, 0.11747291684150696, 0.11034923046827316, 0.1021629199385643, 0.0965302437543869, 0.09120394289493561, 0.08757118135690689, 0.08360844105482101, 0.07938390970230103, 0.07655269652605057, 0.07319464534521103, 0.07080061733722687, 0.06836306303739548, 0.06612353026866913, 0.06329896301031113, 0.06163783371448517, 0.059425149112939835, 0.05748363956809044, 0.05526353046298027, 0.05471465364098549, 0.0527493990957737, 0.05070870742201805, 0.04961824789643288, 0.04826406016945839, 0.046758461743593216, 0.04530789330601692, 0.0445987805724144, 0.043238360434770584, 0.04215100780129433, 0.040565017610788345, 0.03746192157268524, 0.03676963970065117, 0.03700581565499306, 0.03638258948922157, 0.036428239196538925], "acc": [0.8496870994567871, 0.9150702357292175, 0.9261841177940369, 0.9330301880836487, 0.9382235407829285, 0.9421020150184631, 0.9455581307411194, 0.9482613205909729, 0.9516072273254395, 0.9538549780845642, 0.9560402631759644, 0.9573991894721985, 0.9592393040657043, 0.960954487323761, 0.9623207449913025, 0.9640359878540039, 0.9650716781616211, 0.9663277864456177, 0.967326819896698, 0.9686416387557983, 0.9693138003349304, 0.9705735445022583, 0.9716460108757019, 0.9726229906082153, 0.9729021191596985, 0.9737247824668884, 0.9749882221221924, 0.9753555059432983, 0.976174533367157, 0.9768209457397461, 0.9774931073188782, 0.9778934121131897, 0.9786279797554016, 0.9792633652687073, 0.9800126552581787, 0.9815074801445007, 0.981834352016449, 0.9815992712974548, 0.9819151163101196, 0.9817608594894409], "auroc": [0.9083973169326782, 0.9672603607177734, 0.9752789735794067, 0.9801177978515625, 0.9832930564880371, 0.9855812788009644, 0.9873729944229126, 0.9886815547943115, 0.9900540709495544, 0.9909701943397522, 0.9918551445007324, 0.9924399852752686, 0.9929788708686829, 0.9935966730117798, 0.9940266609191895, 0.9944277405738831, 0.9947767853736877, 0.9950774312019348, 0.9953367114067078, 0.9956711530685425, 0.9958916306495667, 0.9961432218551636, 0.9963634014129639, 0.9965668320655823, 0.9966344237327576, 0.9968895316123962, 0.9970967769622803, 0.9971677660942078, 0.9972399473190308, 0.9974312782287598, 0.9975921511650085, 0.9975875616073608, 0.9977619051933289, 0.9978195428848267, 0.9980133175849915, 0.9983256459236145, 0.9983806014060974, 0.9983643889427185, 0.998432993888855, 0.998401939868927], "aucpr": [0.890789270401001, 0.9664955735206604, 0.9749107956886292, 0.979960560798645, 0.9831825494766235, 0.9855175018310547, 0.987237811088562, 0.9885658025741577, 0.9899498224258423, 0.9908387660980225, 0.9917389154434204, 0.9923015832901001, 0.9928029775619507, 0.9934252500534058, 0.9938726425170898, 0.9942367076873779, 0.9946030378341675, 0.9948979616165161, 0.9951446652412415, 0.9954732060432434, 0.995707631111145, 0.995963454246521, 0.9961855411529541, 0.9963709712028503, 0.9964475631713867, 0.9967306852340698, 0.9969394207000732, 0.996996283531189, 0.9970481991767883, 0.9972606897354126, 0.9974375367164612, 0.9974045753479004, 0.9976047277450562, 0.9976484775543213, 0.9978743195533752, 0.9982172846794128, 0.998275101184845, 0.9982625246047974, 0.9983407258987427, 0.9982975125312805], "val_loss": [0.18578952550888062, 0.16185003519058228, 0.29853564500808716, 0.37183433771133423, 0.17397677898406982, 0.13372661173343658, 0.13001017272472382, 0.15559172630310059, 0.13951919972896576, 0.12366589158773422, 0.108575239777565, 0.13251374661922455, 0.1419253945350647, 0.10826105624437332, 0.10509373247623444, 0.09811907261610031, 0.10517829656600952, 0.1327853798866272, 0.10776475071907043, 0.09772983938455582, 0.09122321754693985, 0.09562215954065323, 0.09918314963579178, 0.1272498071193695, 0.09729444980621338, 0.09391655772924423, 0.09522103518247604, 0.11591694504022598, 0.10138850659132004, 0.09448876976966858, 0.09097301214933395, 0.09123539924621582, 0.10318063199520111, 0.09654402732849121, 0.09538289159536362, 0.08968265354633331, 0.09095639735460281, 0.09068534523248672, 0.09283048659563065, 0.09004949033260345], "val_acc": [0.9341782927513123, 0.9404720067977905, 0.8914626836776733, 0.8681526780128479, 0.934440553188324, 0.9484265446662903, 0.9501456618309021, 0.9413170218467712, 0.9473193287849426, 0.9518939256668091, 0.9576923251152039, 0.9502622485160828, 0.9472610950469971, 0.959149181842804, 0.9608100056648254, 0.9626747965812683, 0.9599941968917847, 0.9513111710548401, 0.9606351852416992, 0.9631993174552917, 0.9651514887809753, 0.9642190933227539, 0.9625874161720276, 0.9554196000099182, 0.9637820720672607, 0.9654720425605774, 0.9650641083717346, 0.959294855594635, 0.9636363387107849, 0.9661713242530823, 0.9673951268196106, 0.9668706059455872, 0.9644230604171753, 0.9659090638160706, 0.9673659801483154, 0.9680361151695251, 0.9677739143371582, 0.967599093914032, 0.9668997526168823, 0.9678030014038086], "val_auroc": [0.9791725873947144, 0.9836506247520447, 0.9465709328651428, 0.9258657693862915, 0.9809361100196838, 0.9886511564254761, 0.9895243644714355, 0.985101580619812, 0.9880741238594055, 0.9905484914779663, 0.9927058219909668, 0.9892663359642029, 0.9879375696182251, 0.9926307797431946, 0.9930120706558228, 0.9939311742782593, 0.9931843280792236, 0.98960280418396, 0.9927017092704773, 0.9939641952514648, 0.9947248697280884, 0.9941040873527527, 0.9937257766723633, 0.9903990030288696, 0.9939597249031067, 0.9942351579666138, 0.9940836429595947, 0.9919112324714661, 0.9934484958648682, 0.9941145181655884, 0.994583785533905, 0.9945334196090698, 0.9932778477668762, 0.993848979473114, 0.9940562844276428, 0.9946683049201965, 0.9945394992828369, 0.9945377111434937, 0.9943790435791016, 0.9946463108062744], "val_aucpr": [0.9790846109390259, 0.9836374521255493, 0.9415615797042847, 0.9159992933273315, 0.9804545640945435, 0.9884359836578369, 0.9893966913223267, 0.9846207499504089, 0.9876201152801514, 0.9902023077011108, 0.992445170879364, 0.9886098504066467, 0.9871672987937927, 0.9922109246253967, 0.9925298094749451, 0.9935181736946106, 0.9927613735198975, 0.9887576103210449, 0.9920499324798584, 0.9934549331665039, 0.9943212270736694, 0.9935585260391235, 0.9931089282035828, 0.989259660243988, 0.9933135509490967, 0.9935653805732727, 0.9934030771255493, 0.9909713268280029, 0.9926402568817139, 0.9933346509933472, 0.9938980340957642, 0.9938265085220337, 0.9923287034034729, 0.9929693937301636, 0.9931452870368958, 0.9939230680465698, 0.9937745928764343, 0.9937615394592285, 0.9935946464538574, 0.9938921928405762], "lr": [0.0015306832501664758, 0.0015306832501664758, 0.0015306832501664758, 0.0015306832501664758, 0.0015306832501664758, 0.0015306832501664758, 0.0015306832501664758, 0.0015306832501664758, 0.0015306832501664758, 0.0015306832501664758, 0.0015306832501664758, 0.0015306832501664758, 0.0015306832501664758, 0.0015306832501664758, 0.0015306832501664758, 0.0015306832501664758, 0.0015306832501664758, 0.0015306832501664758, 0.0015306832501664758, 0.0015306832501664758, 0.0015306832501664758, 0.0015306832501664758, 0.0015306832501664758, 0.0015306832501664758, 0.0015306832501664758, 0.0015306832501664758, 0.0015306832501664758, 0.0015306832501664758, 0.0015306832501664758, 0.0015306832501664758, 0.0015306832501664758, 0.0015306832501664758, 0.0015306832501664758, 0.0015306832501664758, 0.0015306832501664758, 0.00015306832210626453, 0.00015306832210626453, 0.00015306832210626453, 0.00015306832210626453, 0.00015306832210626453]}