{"0":{"arch_seq":"[299, 1, 274, 1, 0, 13, 84, 0, 47, 0, 0, 172, 132, 1, 23, 1, 1, 202]","objective":0.8772424459,"elapsed_sec":8212.256067276}}