{"0":{"arch_seq":"[229, 0, 85, 0, 1, 91, 29, 1, 188, 0, 0, 116, 123, 1, 383, 1, 1, 388]","batch_size":333,"learning_rate":0.000129338,"loss":"mae","optimizer":"nadam","patience_EarlyStopping":13,"patience_ReduceLROnPlateau":3,"objective":0.9357578158,"elapsed_sec":7467.2871315479}}