{"0":{"arch_seq":"[202, 0, 255, 1, 0, 134, 323, 0, 119, 1, 0, 103, 379, 1, 350, 0, 1, 53]","objective":0.8072098494,"elapsed_sec":8454.7209703922}}