{"0":{"arch_seq":"[99, 0, 23, 1, 0, 202, 124, 1, 315, 0, 1, 167, 178, 0, 122, 0, 0, 357]","objective":0.9148929715,"elapsed_sec":8605.8038473129}}