{"0":{"arch_seq":"[169, 1, 124, 1, 0, 348, 14, 1, 19, 0, 1, 63, 247, 1, 247, 0, 0, 33]","objective":0.9235336781,"elapsed_sec":5728.2469553947}}