{"n_parameters": 46721276, "training_time": 671.3928995132446, "loss": [0.24087491631507874, 0.17419880628585815, 0.15119655430316925, 0.13584400713443756, 0.12525618076324463, 0.1171063631772995, 0.11085475236177444, 0.1053614690899849, 0.10056792199611664, 0.09696318209171295, 0.0931631401181221, 0.09008179605007172, 0.08703389763832092, 0.08444659411907196, 0.08189799636602402, 0.07971404492855072, 0.07751848548650742, 0.07553199678659439, 0.07335007190704346, 0.07163731753826141, 0.06996221095323563, 0.06833070516586304, 0.06657791882753372, 0.06522218883037567, 0.06379075348377228, 0.06239601969718933, 0.06112891808152199, 0.04751576855778694, 0.0419747568666935, 0.03964979946613312, 0.03813054412603378, 0.036839261651039124, 0.03578066825866699, 0.03349563851952553, 0.032912977039813995, 0.032733894884586334], "r2": [0.45626145601272583, 0.7595129609107971, 0.8113239407539368, 0.8444684743881226, 0.8661988973617554, 0.8815408945083618, 0.8917641639709473, 0.9011654257774353, 0.9093942046165466, 0.9147082567214966, 0.9207587838172913, 0.9250823259353638, 0.9292338490486145, 0.9326433539390564, 0.9365065693855286, 0.939175546169281, 0.9424409866333008, 0.9447375535964966, 0.947731077671051, 0.9497729539871216, 0.9516779780387878, 0.9538208842277527, 0.9559832811355591, 0.9574760794639587, 0.9591600298881531, 0.960715651512146, 0.9618762135505676, 0.9723541736602783, 0.9750919342041016, 0.9762775301933289, 0.9769886136054993, 0.9777975082397461, 0.9781143069267273, 0.9791054129600525, 0.9793626666069031, 0.9791110754013062], "val_loss": [0.19333963096141815, 0.15852074325084686, 0.14429043233394623, 0.13279439508914948, 0.12791617214679718, 0.1188044473528862, 0.1171061098575592, 0.11163069307804108, 0.10850987583398819, 0.10598292201757431, 0.10568428784608841, 0.10507220029830933, 0.10238394141197205, 0.10040662437677383, 0.10019443184137344, 0.09929420799016953, 0.09697319567203522, 0.09653811156749725, 0.09601331502199173, 0.09506073594093323, 0.09521936625242233, 0.09272658824920654, 0.09515666961669922, 0.09291069954633713, 0.09383717179298401, 0.09322766214609146, 0.09279120713472366, 0.08506780117750168, 0.08459959924221039, 0.08445146679878235, 0.08446575701236725, 0.08434977382421494, 0.08440624177455902, 0.08416105061769485, 0.08417271822690964, 0.08415903896093369], "val_r2": [0.7291334271430969, 0.7953450083732605, 0.8274956345558167, 0.8518001437187195, 0.8620865345001221, 0.8772484064102173, 0.8819069266319275, 0.8916428089141846, 0.8936588764190674, 0.9010438919067383, 0.8994901776313782, 0.9007527232170105, 0.903926432132721, 0.909876823425293, 0.9097718000411987, 0.9119206070899963, 0.9146369099617004, 0.9166644811630249, 0.9166184663772583, 0.9177230596542358, 0.9165347814559937, 0.9204038977622986, 0.9164233207702637, 0.9206831455230713, 0.9197559356689453, 0.9203107357025146, 0.9206770658493042, 0.9291135668754578, 0.9293276071548462, 0.9300956130027771, 0.9300398826599121, 0.9293425679206848, 0.9293844103813171, 0.92952561378479, 0.929116427898407, 0.9298223853111267], "lr": [0.0001304006000282243, 0.0001304006000282243, 0.0001304006000282243, 0.0001304006000282243, 0.0001304006000282243, 0.0001304006000282243, 0.0001304006000282243, 0.0001304006000282243, 0.0001304006000282243, 0.0001304006000282243, 0.0001304006000282243, 0.0001304006000282243, 0.0001304006000282243, 0.0001304006000282243, 0.0001304006000282243, 0.0001304006000282243, 0.0001304006000282243, 0.0001304006000282243, 0.0001304006000282243, 0.0001304006000282243, 0.0001304006000282243, 0.0001304006000282243, 0.0001304006000282243, 0.0001304006000282243, 0.0001304006000282243, 0.0001304006000282243, 0.0001304006000282243, 1.304006036662031e-05, 1.304006036662031e-05, 1.304006036662031e-05, 1.304006036662031e-05, 1.304006036662031e-05, 1.304006036662031e-05, 1.3040059911872959e-06, 1.3040059911872959e-06, 1.3040059911872959e-06]}